{
  "tabla": "expokossodo_marcas",
  "fecha_backup": "2025-09-02T09:01:29.127247",
  "registros": 13,
  "datos": [
    {
      "id": 1,
      "marca": "CAMAG",
      "expositor": "Ing. Eliezer Ceniviva",
      "logo": "https://i.ibb.co/67rBmW1c/camag-blanco.webp",
      "created_at": "2025-07-11T18:11:14",
      "updated_at": "2025-07-11T18:25:11"
    },
    {
      "id": 2,
      "marca": "EVIDENT",
      "expositor": "Mario Esteban Muñoz",
      "logo": "https://i.ibb.co/9MgkP7L/evident-blanco.webp",
      "created_at": "2025-07-11T18:11:14",
      "updated_at": "2025-07-11T18:25:20"
    },
    {
      "id": 3,
      "marca": "ESCO",
      "expositor": null,
      "logo": "https://i.ibb.co/0RpVnmPF/esco-blanco.webp",
      "created_at": "2025-07-11T18:11:14",
      "updated_at": "2025-07-11T18:25:28"
    },
    {
      "id": 4,
      "marca": "VACUUBRAND",
      "expositor": "Dr. Roberto Friztler",
      "logo": "https://i.ibb.co/Y4tvtKyb/vacubrand-blanco.webp",
      "created_at": "2025-07-11T18:11:14",
      "updated_at": "2025-07-11T18:25:41"
    },
    {
      "id": 5,
      "marca": "SARTORIUS",
      "expositor": "Lic. Mónica Klarreich",
      "logo": "https://i.ibb.co/GvJhvb3w/sartorius-blanco.webp",
      "created_at": "2025-07-11T18:11:15",
      "updated_at": "2025-07-11T18:25:47"
    },
    {
      "id": 6,
      "marca": "LAUDA",
      "expositor": "Andre Sautchuk",
      "logo": "https://i.ibb.co/M5f6dwxS/lauda-blanco.webp",
      "created_at": "2025-07-11T18:11:15",
      "updated_at": "2025-07-11T18:25:53"
    },
    {
      "id": 7,
      "marca": "BINDER",
      "expositor": "PhD. Fernando Vargas",
      "logo": "https://i.ibb.co/sv2g4YPT/binder-blanco.webp",
      "created_at": "2025-07-11T18:11:15",
      "updated_at": "2025-07-11T18:26:00"
    },
    {
      "id": 8,
      "marca": "VELP",
      "expositor": "Pablo Scarpin",
      "logo": "https://i.ibb.co/QvT055f5/velp-blanco.webp",
      "created_at": "2025-07-11T18:11:15",
      "updated_at": "2025-07-11T18:26:06"
    },
    {
      "id": 9,
      "marca": "ANALITYCCHEM",
      "expositor": null,
      "logo": "https://i.ibb.co/My7PfY0f/chem-blanco.webp",
      "created_at": "2025-07-11T18:11:15",
      "updated_at": "2025-07-11T18:26:24"
    },
    {
      "id": 10,
      "marca": "AMS",
      "expositor": null,
      "logo": "https://i.ibb.co/LD44PGkG/ams-blanco.webp",
      "created_at": "2025-07-11T18:11:15",
      "updated_at": "2025-07-11T18:26:33"
    },
    {
      "id": 11,
      "marca": "KOSSODO",
      "expositor": "Qco. James Rojas Sanchez",
      "logo": "https://i.ibb.co/M5f6dwxS/lauda-blanco.webp",
      "created_at": "2025-07-11T18:11:15",
      "updated_at": "2025-07-11T18:27:12"
    },
    {
      "id": 12,
      "marca": "KOSSOMET",
      "expositor": "Jhonny Quispe",
      "logo": "https://i.ibb.co/0RpVnmPF/esco-blanco.webp",
      "created_at": "2025-07-11T18:11:15",
      "updated_at": "2025-07-11T18:27:01"
    },
    {
      "id": 81,
      "marca": "CHEM",
      "expositor": null,
      "logo": "https://i.ibb.co/LXZ02Zb3/chem-color.webp",
      "created_at": "2025-07-11T18:29:22",
      "updated_at": "2025-07-11T18:29:22"
    }
  ]
}